agent_id,first_name,last_name,market_id,buyer_customers_sent_2024,seller_customers_sent_2024,buyer_closes_2024,seller_closes_2024,customer_reviews_2024,avg_rating_2024
hiroshi_thompson_560,Hiroshi,Thompson,cleveland_oh,69,131,18,18,5,4.11
ali_nelson_663,Ali,Nelson,phoenix_az,24,226,4,32,1,2.94
kwame_singh_576,Kwame,Singh,salt_lake_city_ut,141,73,16,25,6,2.58
hao_jackson_527,Hao,Jackson,st_louis_mo,7,272,1,40,6,2
camila_mohamed_261,Camila,Mohamed,kansas_city_mo,132,35,14,10,1,2.74
daniel_kim_165,Daniel,Kim,fresno_ca,27,225,5,30,1,2.39
christopher_smith_23,Christopher,Smith,miami_fl,125,154,23,21,1,3.94
mina_garcia_547,Mina,Garcia,richmond_va,41,32,5,8,1,3.37
camila_nguyen_189,Camila,Nguyen,philadelphia_pa,95,34,21,8,5,2.6
malik_mitchell_314,Malik,Mitchell,detroit_mi,147,97,27,48,7,3.24
tanya_young_212,Tanya,Young,las_vegas_nv,160,67,27,11,6,3.2
yuki_ramirez_397,Yuki,Ramirez,philadelphia_pa,90,51,10,15,3,2.69
ebony_garcia_320,Ebony,Garcia,miami_fl,46,208,13,27,5,4.18
daniel_white_267,Daniel,White,cincinnati_oh,14,128,2,46,5,3.66
patricia_carter_948,Patricia,Carter,new_york_ny,150,288,15,34,3,4.12
emily_green_392,Emily,Green,providence_ri,106,92,18,22,1,4.22
asha_torres_989,Asha,Torres,cincinnati_oh,225,4,25,1,2,4.03
yuki_ali_72,Yuki,Ali,fresno_ca,167,231,28,49,11,3.44
arjun_robinson_452,Arjun,Robinson,atlanta_ga,45,181,6,44,7,2.92
kenji_kim_889,Kenji,Kim,boston_ma,224,415,24,42,3,2.14
robert_hill_774,Robert,Hill,philadelphia_pa,57,6,10,1,2,4.1
mohammed_green_496,Mohammed,Green,st_louis_mo,259,165,26,49,3,3.45
minh_ali_996,Minh,Ali,atlanta_ga,197,8,21,1,3,3.23
lakshmi_evans_926,Lakshmi,Evans,atlanta_ga,189,108,23,11,4,3.33
linda_nguyen_790,Linda,Nguyen,portland_or,29,274,4,38,2,4.4
kenji_hernandez_461,Kenji,Hernandez,baltimore_md,49,311,13,48,12,3.21
layla_white_873,Layla,White,portland_or,20,153,5,35,6,3.12
jennifer_torres_76,Jennifer,Torres,san_jose_ca,152,5,26,1,3,3.31
ana_thompson_488,Ana,Thompson,pittsburgh_pa,20,22,3,3,1,2.87
ebony_nelson_385,Ebony,Nelson,virginia_beach_va,46,290,6,50,8,4.48
kenji_smith_102,Kenji,Smith,san_jose_ca,93,50,14,5,3,2.48
matthew_lopez_685,Matthew,Lopez,indianapolis_in,61,197,16,23,3,3.59
mina_hill_351,Mina,Hill,fresno_ca,164,113,19,42,9,4.56
layla_young_476,Layla,Young,sacramento_ca,263,10,28,4,5,2.18
john_gonzalez_78,John,Gonzalez,boston_ma,152,125,26,16,2,2.9
elizabeth_abdullah_554,Elizabeth,Abdullah,minneapolis_mn,13,166,3,29,2,3.06
imani_robinson_461,Imani,Robinson,birmingham_al,168,99,18,10,2,3.09
david_hassan_310,David,Hassan,austin_tx,108,40,29,17,3,2.64
robert_garcia_953,Robert,Garcia,riverside_ca,77,21,8,9,1,3.44
keisha_ramirez_99,Keisha,Ramirez,portland_or,107,430,17,47,4,4.34
juan_harris_759,Juan,Harris,raleigh_nc,209,141,24,19,1,3.14
michael_lewis_922,Michael,Lewis,orlando_fla,168,375,24,42,12,3.82
tanya_perez_957,Tanya,Perez,new_york_ny,222,67,24,10,3,2.41
wei_adams_970,Wei,Adams,grand_rapids_mi,152,67,26,17,7,4.34
latoya_thompson_977,Latoya,Thompson,orlando_fl,195,16,29,4,3,3.07
christopher_garcia_933,Christopher,Garcia,new_york_ny,167,292,20,33,2,2.66
barbara_young_959,Barbara,Young,detroit_mi,144,130,24,44,7,4.98
linda_khan_144,Linda,Khan,pittsburgh_pa,115,85,24,14,3,4.08
john_washington_637,John,Washington,nashville_tn,29,110,3,35,5,2.62
emily_walker_196,Emily,Walker,chicago_il,22,51,6,15,3,3.68
robert_lopez_576,Robert,Lopez,charlotte_nc,18,186,2,19,2,4.96
michael_robinson_545,Michael,Robinson,salt_lake_city_ut,69,140,7,44,10,3.16
imani_kim_217,Imani,Kim,virginia_beach_va,28,116,6,36,3,3.17
robert_brown_844,Robert,Brown,tampa_fl,170,93,18,17,4,3.58
asha_ramirez_805,Asha,Ramirez,miami_fl,54,278,8,38,8,2.26
mary_ramirez_279,Mary,Ramirez,indianapolis_in,215,48,29,9,7,3.79
zainab_abdullah_560,Zainab,Abdullah,providence_ri,26,114,5,39,6,3.37
robert_lewis_585,Robert,Lewis,grand_rapids_mi,161,202,27,40,12,3.34
aisha_smith_672,Aisha,Smith,chicago_il,84,195,9,32,6,2.66
dorothy_robinson_743,Dorothy,Robinson,san_francisco_ca,74,277,20,40,11,3.09
elizabeth_davis_895,Elizabeth,Davis,orlando_fl,83,218,13,24,6,4.78
haruka_khan_598,Haruka,Khan,dallas_tx,183,78,21,34,3,3.41
margaret_tran_693,Margaret,Tran,indianapolis_in,82,27,26,4,5,4.37
hiroshi_singh_927,Hiroshi,Singh,kansas_city_mo,179,143,29,31,9,2.21
mei_nguyen_346,Mei,Nguyen,salt_lake_city_ut,239,173,25,34,6,3.38
sarah_patel_398,Sarah,Patel,portland_or,236,150,27,25,3,4.53
jessica_mohamed_971,Jessica,Mohamed,baltimore_md,35,21,6,4,2,3.52
ana_mitchell_446,Ana,Mitchell,philadelphia_pa,23,18,4,8,2,2.18
hao_kim_684,Hao,Kim,seattle_wa,68,166,7,27,6,3.39
aya_jackson_584,Aya,Jackson,indianapolis_in,21,96,3,24,2,3.28
aisha_nelson_615,Aisha,Nelson,providence_ri,114,212,16,24,4,4.2
arjun_brown_10,Arjun,Brown,indianapolis_in,52,20,14,2,3,2.34
jennifer_gonzalez_132,Jennifer,Gonzalez,nashville_tn,33,194,4,28,1,4.13
christopher_harris_499,Christopher,Harris,kansas_city_mo,116,410,16,41,6,2.17
omar_nelson_812,Omar,Nelson,virginia_beach_va,61,71,17,15,5,4.96
hana_scott_274,Hana,Scott,grand_rapids_mi,14,97,2,17,3,3.63
sanjay_parker_479,Sanjay,Parker,milwaukee_wi,155,31,29,12,2,2.24
yuki_lewis_420,Yuki,Lewis,buffalo_ny,45,423,9,45,8,4.62
emily_khan_248,Emily,Khan,philadelphia_pa,27,51,4,21,4,2.77
ebony_mitchell_272,Ebony,Mitchell,salt_lake_city_ut,116,244,12,27,6,3.77
barbara_hernandez_388,Barbara,Hernandez,philadelphia_pa,166,188,21,35,6,2.7
tanya_white_55,Tanya,White,seattle_wa,126,54,29,7,2,4.54
amanda_hall_792,Amanda,Hall,new_york_ny,45,208,11,50,10,3.13
haruka_young_922,Haruka,Young,milwaukee_wi,146,102,20,27,1,2.54
ling_parker_768,Ling,Parker,denver_co,159,172,17,19,6,4.51
takeshi_baker_821,Takeshi,Baker,washington_dc,34,296,8,34,3,2.47
jason_garcia_337,Jason,Garcia,boston_ma,93,209,28,33,12,2.1
jessica_garcia_415,Jessica,Garcia,las_vegas_nv,56,209,17,39,6,4.61
john_green_291,John,Green,new_york_ny,78,38,8,4,1,2.21
emily_gonzalez_560,Emily,Gonzalez,houston_tx,194,384,24,47,11,4.48
tanya_king_399,Tanya,King,indianapolis_in,22,119,4,21,4,4.99
james_rodriguez_654,James,Rodriguez,buffalo_ny,83,100,21,38,2,4.58
patricia_patel_670,Patricia,Patel,chicago_il,66,90,11,10,1,2.77
haruka_smith_116,Haruka,Smith,jacksonville_fl,153,60,19,10,1,2.98
aisha_green_653,Aisha,Green,louisville_ky,100,48,10,8,2,4.16
jennifer_davis_291,Jennifer,Davis,atlanta_ga,79,28,13,6,2,4.32
charles_hall_109,Charles,Hall,nashville_tn,121,15,18,6,4,4.1
malik_thompson_463,Malik,Thompson,orlando_fl,33,415,6,48,5,3.68
christopher_jackson_876,Christopher,Jackson,miami_fl,99,12,20,2,1,4.35
ebony_gonzalez_320,Ebony,Gonzalez,st_louis_mo,77,222,14,23,2,3.47
jason_walker_396,Jason,Walker,indianapolis_in,189,39,21,4,4,3.52
tanya_harris_873,Tanya,Harris,virginia_beach_va,39,477,5,50,1,3.48
latoya_lewis_862,Latoya,Lewis,denver_co,288,405,29,48,6,3.6
david_williams_651,David,Williams,washington_dc,23,168,7,48,5,2.46
carlos_hill_509,Carlos,Hill,baltimore_md,117,163,18,28,5,3.74
omar_hassan_963,Omar,Hassan,virginia_beach_va,44,22,10,3,2,3.32
jin_carter_761,Jin,Carter,sacramento_ca,180,91,30,26,7,4.79
yuki_thompson_532,Yuki,Thompson,minneapolis_mn,72,349,19,50,3,4.45
maria_lewis_193,Maria,Lewis,pittsburgh_pa,84,187,26,36,6,4.75
john_jackson_315,John,Jackson,san_antonio_tx,93,192,11,34,2,3.73
hana_torres_930,Hana,Torres,memphis_tn,59,106,11,13,3,4.43
minh_mohamed_224,Minh,Mohamed,virginia_beach_va,105,255,30,30,12,4.27
takeshi_evans_952,Takeshi,Evans,san_francisco_ca,48,317,14,48,11,2.66
haruka_khan_777,Haruka,Khan,birmingham_al,46,429,7,44,7,4.41
joseph_evans_855,Joseph,Evans,phoenix_az,229,356,28,39,12,4.12
lakshmi_lewis_878,Lakshmi,Lewis,grand_rapids_mi,165,6,30,1,3,4.38
michael_lewis_39,Michael,Lewis,san_francisco_ca,144,75,21,18,7,4.95
camila_mitchell_463,Camila,Mitchell,dallas_tx,187,67,25,10,5,3.46
takeshi_evans_885,Takeshi,Evans,denver_co,96,264,22,27,3,4.64
luis_green_96,Luis,Green,richmond_va,178,316,26,49,8,2.6
yuki_gonzalez_576,Yuki,Gonzalez,milwaukee_wi,73,120,14,47,3,3.22
omar_mitchell_959,Omar,Mitchell,dallas_tx,172,145,24,21,4,4.96
zainab_torres_559,Zainab,Torres,salt_lake_city_ut,264,276,28,33,12,3.56
takeshi_torres_304,Takeshi,Torres,los_angeles_ca,195,215,28,22,1,4.91
daniel_ramirez_638,Daniel,Ramirez,pittsburgh_pa,53,411,11,44,6,2.12
mei_washington_208,Mei,Washington,st_louis_mo,293,64,30,7,7,2.07
michael_garcia_49,Michael,Garcia,jacksonville_fl,268,173,28,19,9,4.49
maria_singh_679,Maria,Singh,austin_tx,44,18,11,2,2,2.68
amanda_robinson_243,Amanda,Robinson,chicago_il,58,51,6,12,2,3.38
priya_young_89,Priya,Young,los_angeles_ca,135,141,24,21,6,2.65
miguel_smith_839,Miguel,Smith,portland_or,73,196,18,24,2,3.06
hiroshi_thompson_32,Hiroshi,Thompson,atlanta_ga,36,141,9,50,5,3.97
ahmad_williams_483,Ahmad,Williams,kansas_city_mo,55,7,13,2,2,2.49
jose_scott_754,Jose,Scott,dallas_tx,182,88,27,23,2,2.15
haruka_hall_87,Haruka,Hall,baltimore_md,142,211,21,23,1,5
charles_adams_753,Charles,Adams,phoenix_az,152,299,24,35,9,3.59
charles_parker_639,Charles,Parker,orlando_fl,11,133,3,15,3,4.1
camila_singh_380,Camila,Singh,las_vegas_nv,150,75,17,36,7,3.59
latoya_robinson_252,Latoya,Robinson,columbus_oh,119,149,18,32,4,2.26
arjun_ramirez_661,Arjun,Ramirez,richmond_va,110,11,20,2,3,4.58
susan_harris_46,Susan,Harris,memphis_tn,164,77,19,33,2,2.11
matthew_kim_102,Matthew,Kim,virginia_beach_va,120,262,13,37,4,4.23
jamal_thompson_459,Jamal,Thompson,kansas_city_mo,186,456,28,49,15,2.87
juan_singh_334,Juan,Singh,san_jose_ca,84,82,9,27,1,4.48
mei_tran_609,Mei,Tran,birmingham_al,88,335,24,44,11,3.51
fatima_robinson_544,Fatima,Robinson,baltimore_md,213,61,30,16,1,2.29
daniel_hernandez_792,Daniel,Hernandez,charlotte_nc,66,319,12,43,4,3.14
priya_mohamed_314,Priya,Mohamed,richmond_va,154,222,24,30,6,2.58
hiroshi_jackson_353,Hiroshi,Jackson,virginia_beach_va,91,252,30,31,1,4.55
minh_kim_554,Minh,Kim,tampa_fl,90,426,13,45,10,4.91
ana_white_139,Ana,White,birmingham_al,191,125,22,14,4,3.89
christopher_white_384,Christopher,White,pittsburgh_pa,105,140,11,38,5,2.05
anthony_ali_118,Anthony,Ali,seattle_wa,97,213,30,44,7,3.78
patricia_campbell_460,Patricia,Campbell,san_jose_ca,184,106,30,36,10,4.23
isabella_ali_502,Isabella,Ali,cleveland_oh,61,387,9,50,3,2.26
jason_white_970,Jason,White,tampa_fl,83,160,26,23,1,2.87
raj_jackson_503,Raj,Jackson,dallas_tx,31,150,9,25,4,3.36
michael_hall_387,Michael,Hall,portland_or,142,384,29,47,3,2.3
david_carter_683,David,Carter,sacramento_ca,142,133,21,21,5,2.38
emily_singh_612,Emily,Singh,san_diego_ca,63,12,16,5,3,3.56
carlos_garcia_516,Carlos,Garcia,las_vegas_nv,102,64,11,30,5,3.36
carlos_young_983,Carlos,Young,st_louis_mo,158,291,22,35,1,3.28
hao_patel_91,Hao,Patel,minneapolis_mn,134,47,27,12,3,3.22
priya_hall_354,Priya,Hall,richmond_va,6,290,1,39,1,3.31
aisha_lopez_898,Aisha,Lopez,austin_tx,87,90,13,31,7,3
matthew_hassan_173,Matthew,Hassan,riverside_ca,21,118,3,15,1,4.39
dorothy_adams_10,Dorothy,Adams,grand_rapids_mi,137,37,22,5,1,4.49
carlos_martinez_859,Carlos,Martinez,virginia_beach_va,79,75,21,33,4,2.57
mina_jackson_2,Mina,Jackson,raleigh_nc,41,292,11,30,8,2.03
malik_rodriguez_436,Malik,Rodriguez,detroit_mi,238,293,29,33,8,2.09
michael_garcia_22,Michael,Garcia,cleveland_oh,64,21,7,3,2,2.66
daniel_smith_15,Daniel,Smith,houston_tx,102,284,25,50,10,3.22
lakshmi_nelson_232,Lakshmi,Nelson,las_vegas_nv,274,414,28,42,9,2.31
luis_clark_414,Luis,Clark,buffalo_ny,168,231,28,34,1,3.69
daniel_harris_477,Daniel,Harris,milwaukee_wi,263,29,30,8,7,2.25
charles_jones_839,Charles,Jones,salt_lake_city_ut,105,98,12,41,9,3.22
keisha_ramirez_453,Keisha,Ramirez,charlotte_nc,152,96,18,27,8,2.04
aya_gonzalez_628,Aya,Gonzalez,denver_co,57,60,8,16,2,4.17
haruka_harris_789,Haruka,Harris,seattle_wa,23,283,3,34,1,3.03
kwame_jackson_477,Kwame,Jackson,seattle_wa,42,161,7,18,1,4.33
mei_smith_519,Mei,Smith,houston_tx,90,268,11,49,3,3.95
luis_hernandez_443,Luis,Hernandez,denver_co,134,265,20,27,4,2.46
charles_hassan_106,Charles,Hassan,memphis_tn,211,126,28,32,3,4.67
miguel_adams_229,Miguel,Adams,los_angeles_ca,135,181,22,34,11,2.59
joseph_green_30,Joseph,Green,buffalo_ny,221,67,29,14,3,4.03
susan_ali_437,Susan,Ali,raleigh_nc,67,40,18,4,2,4.1
matthew_ramirez_368,Matthew,Ramirez,los_angeles_ca,188,188,20,32,2,3.81
hiroshi_nelson_577,Hiroshi,Nelson,orlando_fl,138,89,15,36,8,2.4
amanda_clark_692,Amanda,Clark,memphis_tn,21,46,4,7,1,2.11
tanya_walker_782,Tanya,Walker,san_diego_ca,165,306,26,34,6,2.29
aisha_perez_62,Aisha,Perez,san_diego_ca,178,378,21,38,7,4.37
haruka_mitchell_361,Haruka,Mitchell,buffalo_ny,183,294,28,47,9,3.53
aisha_washington_223,Aisha,Washington,san_antonio_tx,239,222,27,47,2,3.73
mei_brown_300,Mei,Brown,portland_or,206,244,23,29,7,2.43
isabella_torres_56,Isabella,Torres,san_jose_ca,189,152,22,22,7,2.06
aya_hassan_395,Aya,Hassan,los_angeles_ca,107,251,28,30,5,2.02
ebony_scott_562,Ebony,Scott,cincinnati_oh,88,40,9,9,3,4.69
arjun_williams_395,Arjun,Williams,providence_ri,79,196,14,20,3,4.72
dorothy_lewis_717,Dorothy,Lewis,memphis_tn,54,271,11,39,5,2.48
mohammed_green_28,Mohammed,Green,riverside_ca,270,142,30,35,1,2.02
ashley_washington_238,Ashley,Washington,cleveland_oh,35,69,5,15,1,4.61
takeshi_green_155,Takeshi,Green,san_diego_ca,91,63,27,20,3,3.89
jason_allen_167,Jason,Allen,baltimore_md,32,309,9,45,8,3.43
kenji_nguyen_367,Kenji,Nguyen,sacramento_ca,261,61,28,8,3,3.29
john_rodriguez_178,John,Rodriguez,cleveland_oh,82,150,10,42,2,4.57
richard_perez_533,Richard,Perez,indianapolis_in,85,98,26,15,3,4.28
camila_kim_916,Camila,Kim,milwaukee_wi,95,34,11,12,3,4.94
fatima_thompson_146,Fatima,Thompson,tampa_fl,48,37,5,7,1,4.98
sanjay_smith_885,Sanjay,Smith,buffalo_ny,248,87,27,11,5,2.82
susan_rodriguez_670,Susan,Rodriguez,minneapolis_mn,31,186,7,23,4,3.07
hiroshi_torres_322,Hiroshi,Torres,orlando_fl,116,54,18,18,4,3.85
kenji_clark_504,Kenji,Clark,raleigh_nc,65,297,13,44,6,3.29
james_campbell_857,James,Campbell,los_angeles_ca,179,111,20,37,9,2.59
omar_mohamed_103,Omar,Mohamed,kansas_city_mo,39,271,12,43,8,4.23
elizabeth_kim_278,Elizabeth,Kim,sacramento_ca,45,68,8,15,2,3.02
aisha_abdullah_290,Aisha,Abdullah,phoenix_az,133,261,28,29,6,2.93
aisha_ramirez_396,Aisha,Ramirez,tampa_fl,187,24,21,3,3,3.28
david_ramirez_806,David,Ramirez,seattle_wa,199,15,28,2,4,4.87
tyrone_jones_289,Tyrone,Jones,louisville_ky,124,146,25,47,6,4.89
hana_nguyen_805,Hana,Nguyen,tampa_fl,56,119,8,12,1,4.67
juan_hill_434,Juan,Hill,san_jose_ca,119,379,26,42,9,4.76
yuki_johnson_764,Yuki,Johnson,orlando_fl,208,33,26,4,3,4.7
anthony_gonzalez_634,Anthony,Gonzalez,atlanta_ga,55,20,11,2,1,3.3
dorothy_gonzalez_346,Dorothy,Gonzalez,cincinnati_oh,84,175,21,33,2,3.1
christopher_smith_806,Christopher,Smith,orlando_fl,150,57,25,21,8,3.62
patricia_brown_50,Patricia,Brown,portland_or,43,78,5,12,2,4.04
mohammed_hall_608,Mohammed,Hall,miami_fl,156,200,19,29,2,3.12
elizabeth_thompson_272,Elizabeth,Thompson,st_louis_mo,19,81,4,22,2,3.66
hana_robinson_513,Hana,Robinson,san_antonio_tx,108,79,13,13,3,4.28
jessica_mitchell_182,Jessica,Mitchell,virginia_beach_va,267,412,28,45,12,4
jin_harris_955,Jin,Harris,new_york_ny,123,87,22,41,7,3.96
jamal_brown_791,Jamal,Brown,detroit_mi,75,260,22,31,10,3.86
charles_green_824,Charles,Green,phoenix_az,82,243,11,34,7,3.41
omar_tran_870,Omar,Tran,nashville_tn,22,32,5,13,3,2.9
aya_williams_464,Aya,Williams,cincinnati_oh,72,44,23,16,3,3.19
susan_gonzalez_144,Susan,Gonzalez,tampa_fl,96,418,15,46,2,2.46
dorothy_kim_754,Dorothy,Kim,boston_ma,100,284,21,36,2,4.75
david_khan_140,David,Khan,los_angeles_ca,266,47,27,12,5,3.58
tanya_tran_356,Tanya,Tran,jacksonville_fl,52,212,6,22,4,2.19
patricia_young_347,Patricia,Young,dallas_tx,69,91,22,35,11,2.4
hiroshi_perez_356,Hiroshi,Perez,san_jose_ca,37,303,9,50,4,3.92
nia_kim_214,Nia,Kim,miami_fl,216,42,22,7,2,4.99
latoya_scott_543,Latoya,Scott,san_francisco_ca,30,33,4,16,3,2.41
carlos_jones_225,Carlos,Jones,providence_ri,231,192,30,24,4,4.62
yuki_hassan_472,Yuki,Hassan,new_york_ny,105,280,17,32,1,3.66
minh_tran_447,Minh,Tran,san_antonio_tx,158,239,16,45,2,4.55
lucia_white_40,Lucia,White,cleveland_oh,223,87,25,10,1,3.41
charles_thompson_19,Charles,Thompson,phoenix_az,88,113,21,28,5,2.29
aya_nguyen_76,Aya,Nguyen,san_francisco_ca,35,302,4,37,7,3.16
sarah_scott_121,Sarah,Scott,pittsburgh_pa,78,61,19,19,1,2.01
yuki_scott_831,Yuki,Scott,memphis_tn,162,162,30,26,5,4.03
sofia_hall_448,Sofia,Hall,philadelphia_pa,83,470,18,49,4,4.03
jessica_parker_103,Jessica,Parker,detroit_mi,84,341,14,39,7,2.79
james_scott_826,James,Scott,los_angeles_ca,120,327,13,34,4,2.95
camila_nelson_261,Camila,Nelson,birmingham_al,276,298,30,31,9,4.04
darnell_evans_774,Darnell,Evans,miami_fl,39,160,8,34,8,3.16
sofia_baker_722,Sofia,Baker,oklahoma_city_ok,116,302,21,41,9,4.14
patricia_mitchell_756,Patricia,Mitchell,milwaukee_wi,187,406,24,42,10,4.8
jamal_williams_584,Jamal,Williams,washington_dc,88,130,18,40,7,2.52
michael_robinson_36,Michael,Robinson,riverside_ca,170,57,22,12,6,2.65
arjun_ramirez_306,Arjun,Ramirez,cleveland_oh,33,98,7,11,1,2.32
imani_allen_237,Imani,Allen,boston_ma,23,104,3,13,1,3.21
jamal_lewis_667,Jamal,Lewis,louisville_ky,190,380,19,47,10,4.56
ahmad_ramirez_355,Ahmad,Ramirez,salt_lake_city_ut,68,288,8,34,4,3.67
minh_lopez_13,Minh,Lopez,washington_dc,201,9,24,4,5,3.58
lakshmi_mohamed_440,Lakshmi,Mohamed,miami_fl,170,184,24,47,12,4.63
matthew_baker_942,Matthew,Baker,minneapolis_mn,193,51,30,8,4,2.54
barbara_mitchell_911,Barbara,Mitchell,las_vegas_nv,177,107,26,19,9,2.93
christopher_rodriguez_734,Christopher,Rodriguez,dallas_tx,263,78,30,34,5,4.75
charles_scott_320,Charles,Scott,sacramento_ca,76,230,17,42,11,4.28
linda_washington_623,Linda,Washington,salt_lake_city_ut,44,4,12,1,2,4.78
layla_campbell_987,Layla,Campbell,san_francisco_ca,136,287,17,34,9,4.61
priya_green_358,Priya,Green,detroit_mi,17,272,2,36,1,4.35
patricia_khan_487,Patricia,Khan,san_diego_ca,8,407,1,41,7,4.46
camila_williams_913,Camila,Williams,orlando_fl,122,39,18,13,4,4.42
lucia_williams_206,Lucia,Williams,buffalo_ny,221,65,26,24,7,2.65
mary_hill_779,Mary,Hill,st_louis_mo,77,214,17,42,1,4.76
lucia_allen_892,Lucia,Allen,cleveland_oh,8,343,1,40,6,3.61
luis_kim_341,Luis,Kim,baltimore_md,71,53,9,7,2,3.58
amanda_evans_989,Amanda,Evans,las_vegas_nv,75,116,10,15,4,2.61
charles_washington_756,Charles,Washington,grand_rapids_mi,71,138,20,34,10,2.5
jennifer_walker_916,Jennifer,Walker,cleveland_oh,97,44,13,6,1,4.88
darnell_johnson_691,Darnell,Johnson,indianapolis_in,144,112,24,18,4,4.25
wei_white_29,Wei,White,atlanta_ga,60,9,8,1,1,2.68
anthony_williams_805,Anthony,Williams,charlotte_nc,94,178,11,37,7,4.96
luis_hall_706,Luis,Hall,richmond_va,56,44,10,18,2,4.84
christopher_hall_944,Christopher,Hall,nashville_tn,122,106,19,28,8,4.74
nia_abdullah_532,Nia,Abdullah,indianapolis_in,10,357,2,41,4,2.01
anthony_ramirez_561,Anthony,Ramirez,chicago_il,149,26,26,7,4,2.76
barbara_carter_360,Barbara,Carter,dallas_tx,91,159,13,25,5,4.69
asha_nguyen_539,Asha,Nguyen,providence_ri,76,178,18,18,2,3.04
ana_jones_845,Ana,Jones,washington_dc,17,268,4,44,2,2.89
raj_hill_659,Raj,Hill,raleigh_nc,12,105,3,43,9,4.84
joseph_torres_894,Joseph,Torres,st_louis_mo,289,75,30,23,5,3.83
asha_hernandez_786,Asha,Hernandez,las_vegas_nv,143,153,27,21,8,4.32
ana_garcia_53,Ana,Garcia,oklahoma_city_ok,73,147,13,28,5,3.72
jose_garcia_8,Jose,Garcia,louisville_ky,97,188,26,38,9,2.58
emily_ali_726,Emily,Ali,dallas_tx,56,23,8,5,1,4.52
emily_ramirez_702,Emily,Ramirez,memphis_tn,89,99,9,34,7,2.54
elizabeth_hassan_112,Elizabeth,Hassan,indianapolis_in,90,312,9,48,8,4.01
hana_white_510,Hana,White,salt_lake_city_ut,49,55,8,9,2,4.37
lucia_smith_808,Lucia,Smith,birmingham_al,242,28,29,13,8,3.54
jose_abdullah_641,Jose,Abdullah,milwaukee_wi,169,410,27,43,14,2.02
barbara_hall_80,Barbara,Hall,cincinnati_oh,118,111,13,42,8,3.11
jessica_davis_673,Jessica,Davis,dallas_tx,274,54,30,15,7,3.29
mei_thompson_435,Mei,Thompson,milwaukee_wi,88,50,18,24,4,2.94
barbara_smith_82,Barbara,Smith,birmingham_al,99,99,15,13,4,4.47
ali_walker_49,Ali,Walker,philadelphia_pa,48,126,6,42,9,4.42
matthew_walker_279,Matthew,Walker,san_francisco_ca,40,55,9,14,1,4.33
nia_harris_171,Nia,Harris,pittsburgh_pa,141,88,15,31,2,3.75
haruka_mohamed_606,Haruka,Mohamed,houston_tx,79,185,24,24,1,4.28
jessica_parker_473,Jessica,Parker,philadelphia_pa,108,204,11,27,4,2.48
hao_baker_264,Hao,Baker,washington_dc,149,165,22,32,1,2.05
amanda_baker_305,Amanda,Baker,sacramento_ca,182,353,19,41,7,4.86
takeshi_ali_642,Takeshi,Ali,cincinnati_oh,211,102,22,16,4,4.46
jennifer_lewis_656,Jennifer,Lewis,chicago_il,70,201,14,48,5,2.08
isabella_hill_209,Isabella,Hill,grand_rapids_mi,8,79,1,35,7,4.09
ashley_williams_762,Ashley,Williams,tampa_fl,274,27,28,5,6,2.69
nia_thompson_808,Nia,Thompson,atlanta_ga,12,300,3,33,7,2.97
jamal_ali_328,Jamal,Ali,milwaukee_wi,21,255,3,27,1,2.36
jennifer_jackson_416,Jennifer,Jackson,detroit_mi,121,221,16,24,7,3.4
tanya_walker_380,Tanya,Walker,sacramento_ca,96,95,13,17,4,3.18
mohammed_khan_756,Mohammed,Khan,houston_tx,67,126,9,23,6,2
mohammed_hernandez_381,Mohammed,Hernandez,san_diego_ca,132,103,26,18,6,4.07
ali_thompson_359,Ali,Thompson,nashville_tn,26,230,3,25,5,4.52
jessica_jackson_52,Jessica,Jackson,san_diego_ca,12,193,3,36,4,3.09
mary_abdullah_270,Mary,Abdullah,virginia_beach_va,134,235,14,26,7,4.31
susan_hall_54,Susan,Hall,san_diego_ca,43,72,7,25,3,2.84
joseph_walker_394,Joseph,Walker,san_antonio_tx,69,12,22,5,3,2.75
linda_tran_301,Linda,Tran,dallas_tx,164,135,23,21,6,3.22
hao_smith_990,Hao,Smith,buffalo_ny,25,296,3,40,1,3.98
james_ramirez_50,James,Ramirez,columbus_oh,141,167,17,31,5,4.34
ebony_nelson_55,Ebony,Nelson,san_francisco_ca,184,50,26,10,1,3.15
sarah_perez_492,Sarah,Perez,san_antonio_tx,65,377,13,38,3,4.16
patricia_jackson_538,Patricia,Jackson,fresno_ca,134,29,15,4,2,2.99
lakshmi_mitchell_377,Lakshmi,Mitchell,miami_fl,120,130,27,25,7,4.67
arjun_williams_858,Arjun,Williams,boston_ma,16,347,2,50,9,3.09
aisha_white_2,Aisha,White,cleveland_oh,113,71,17,27,5,3.96
hao_jones_32,Hao,Jones,miami_fl,40,77,11,8,3,2.71
imani_mohamed_940,Imani,Mohamed,washington_dc,220,206,22,50,4,2.82
dorothy_mohamed_578,Dorothy,Mohamed,milwaukee_wi,10,161,1,21,4,2.87
james_jackson_395,James,Jackson,buffalo_ny,94,227,16,30,4,3.59
ana_smith_902,Ana,Smith,virginia_beach_va,166,129,24,15,7,4.68
jennifer_parker_273,Jennifer,Parker,detroit_mi,34,386,4,40,3,3.84
keisha_nguyen_114,Keisha,Nguyen,miami_fl,109,74,16,22,5,3.81
keisha_khan_818,Keisha,Khan,providence_ri,74,40,8,14,3,4.54
camila_robinson_734,Camila,Robinson,los_angeles_ca,93,192,28,44,14,3.59
miguel_kim_136,Miguel,Kim,indianapolis_in,174,115,21,32,5,4.11
mohammed_carter_639,Mohammed,Carter,baltimore_md,77,293,23,39,5,4.79
latoya_robinson_601,Latoya,Robinson,las_vegas_nv,43,413,11,47,6,4.5
jamal_evans_321,Jamal,Evans,san_antonio_tx,46,216,8,46,4,2.63
dorothy_martinez_83,Dorothy,Martinez,kansas_city_mo,18,280,4,29,3,3.87
anthony_brown_500,Anthony,Brown,minneapolis_mn,77,20,18,3,1,3.24
jose_hernandez_319,Jose,Hernandez,austin_tx,105,313,13,50,7,2.3
keisha_washington_506,Keisha,Washington,detroit_mi,117,90,28,15,3,3.78
jessica_walker_533,Jessica,Walker,cincinnati_oh,67,41,10,14,1,3.83
amanda_tran_404,Amanda,Tran,jacksonville_fl,30,15,6,6,1,4.89
haruka_hall_364,Haruka,Hall,indianapolis_in,60,23,13,7,2,4.95
mina_young_398,Mina,Young,new_york_ny,24,65,4,9,2,3.84
michael_hernandez_312,Michael,Hernandez,virginia_beach_va,131,179,15,30,9,4.94
daniel_mohamed_821,Daniel,Mohamed,austin_tx,180,387,18,47,12,3.56
john_ramirez_431,John,Ramirez,denver_co,8,353,1,37,3,4.44
amanda_martinez_519,Amanda,Martinez,chicago_il,11,52,3,13,1,4.41
margaret_campbell_122,Margaret,Campbell,dallas_tx,157,443,19,50,3,4.98
john_tran_129,John,Tran,seattle_wa,101,315,25,42,8,2.83
richard_davis_166,Richard,Davis,boston_ma,190,221,21,23,1,2.48
keisha_brown_997,Keisha,Brown,birmingham_al,86,22,17,5,1,3.03
juan_allen_879,Juan,Allen,boston_ma,140,307,27,39,5,4.71
jennifer_baker_996,Jennifer,Baker,pittsburgh_pa,194,91,28,15,8,3.95
mohammed_rodriguez_662,Mohammed,Rodriguez,providence_ri,201,155,28,36,11,2.93
mina_patel_449,Mina,Patel,st_louis_mo,60,112,8,14,1,4.34
amanda_khan_445,Amanda,Khan,louisville_ky,81,164,13,48,6,4.69
arjun_patel_669,Arjun,Patel,memphis_tn,140,204,18,46,6,4.88
latoya_lewis_372,Latoya,Lewis,seattle_wa,152,124,25,27,7,4.84
amanda_gonzalez_353,Amanda,Gonzalez,grand_rapids_mi,114,146,14,32,5,4.51
jamal_young_798,Jamal,Young,baltimore_md,194,196,25,22,9,4.41
zainab_allen_321,Zainab,Allen,louisville_ky,184,46,29,5,4,2.2
minh_allen_504,Minh,Allen,jacksonville_fl,58,65,12,14,3,2.43
ahmad_green_733,Ahmad,Green,louisville_ky,188,25,26,3,4,2.49
keisha_baker_331,Keisha,Baker,st_louis_mo,52,259,9,49,9,3.95
omar_martinez_412,Omar,Martinez,new_york_ny,195,47,27,23,7,3.74
layla_robinson_952,Layla,Robinson,phoenix_az,80,90,14,13,3,2.62
ahmad_jefferson_780,Ahmad,Jefferson,minneapolis_mn,181,461,20,50,2,3.48
haruka_rodriguez_572,Haruka,Rodriguez,oklahoma_city_ok,83,298,22,39,11,2.56
jamal_mohamed_10,Jamal,Mohamed,milwaukee_wi,206,173,26,26,7,4.35
isabella_johnson_319,Isabella,Johnson,pittsburgh_pa,102,72,18,8,5,4.29
elizabeth_hernandez_554,Elizabeth,Hernandez,philadelphia_pa,226,47,23,14,4,3.16
maria_kim_308,Maria,Kim,providence_ri,17,205,2,33,4,3.56
thomas_washington_408,Thomas,Washington,nashville_tn,194,102,22,46,1,3.05
margaret_baker_681,Margaret,Baker,richmond_va,62,109,10,43,7,4.76
arjun_martinez_306,Arjun,Martinez,baltimore_md,73,187,15,47,2,4.55
christopher_walker_775,Christopher,Walker,grand_rapids_mi,29,73,3,26,4,4.37
margaret_kim_930,Margaret,Kim,orlando_fl,92,121,11,13,2,3.65
hiroshi_torres_283,Hiroshi,Torres,washington_dc,9,140,1,28,5,4.66
kenji_gonzalez_36,Kenji,Gonzalez,salt_lake_city_ut,253,120,27,18,9,4.87
richard_lewis_309,Richard,Lewis,san_antonio_tx,78,15,18,5,4,4.2
michael_garcia_747,Michael,Garcia,charlotte_nc,224,8,26,1,1,4.61
mei_nelson_527,Mei,Nelson,virginia_beach_va,17,38,4,5,1,4.03
sarah_clark_855,Sarah,Clark,minneapolis_mn,68,291,15,45,7,2.42
malik_torres_608,Malik,Torres,san_diego_ca,142,199,18,48,12,3.64
maria_white_684,Maria,White,milwaukee_wi,128,328,23,38,12,2.37
camila_lopez_205,Camila,Lopez,jacksonville_fl,87,103,15,22,5,4.81
richard_allen_368,Richard,Allen,san_antonio_tx,122,91,26,14,3,4.77
hao_williams_561,Hao,Williams,boston_ma,5,166,1,31,1,2.39
daniel_evans_449,Daniel,Evans,los_angeles_ca,30,236,7,46,10,3.47
hao_robinson_164,Hao,Robinson,san_antonio_tx,32,132,4,23,3,4.88
robert_nelson_804,Robert,Nelson,portland_or,6,43,1,7,1,4.02
emily_tran_396,Emily,Tran,nashville_tn,92,401,16,43,10,2.91
ashley_nelson_452,Ashley,Nelson,seattle_wa,153,10,24,1,3,3.05
richard_abdullah_273,Richard,Abdullah,austin_tx,63,232,17,36,3,2.61
nia_clark_826,Nia,Clark,riverside_ca,108,168,20,31,2,3.56
aya_jackson_772,Aya,Jackson,indianapolis_in,5,37,1,8,1,4.81
isabella_scott_419,Isabella,Scott,pittsburgh_pa,17,271,4,46,6,3.88
john_thompson_795,John,Thompson,new_york_ny,60,64,16,8,3,3.32
joseph_hall_30,Joseph,Hall,chicago_il,39,119,10,15,5,3.56
mary_nguyen_316,Mary,Nguyen,richmond_va,290,24,29,3,1,2.97
tanya_scott_254,Tanya,Scott,las_vegas_nv,192,295,24,31,10,2
tyrone_torres_73,Tyrone,Torres,louisville_ky,200,130,23,26,8,4.11
barbara_lewis_922,Barbara,Lewis,birmingham_al,32,297,6,31,3,2.42
lucia_rodriguez_14,Lucia,Rodriguez,new_york_ny,24,140,7,37,2,3.03
hassan_white_249,Hassan,White,las_vegas_nv,185,304,30,50,14,3.29
elizabeth_nelson_731,Elizabeth,Nelson,cleveland_oh,176,46,25,17,5,4.75
sofia_scott_778,Sofia,Scott,san_antonio_tx,108,37,29,10,7,3.19
arjun_robinson_835,Arjun,Robinson,las_vegas_nv,42,107,6,16,2,4.95
takeshi_allen_540,Takeshi,Allen,providence_ri,57,379,8,50,5,3.62
zainab_ramirez_406,Zainab,Ramirez,grand_rapids_mi,52,117,8,36,8,4.57
carlos_jones_151,Carlos,Jones,sacramento_ca,168,98,22,38,12,2.44
john_clark_908,John,Clark,washington_dc,100,455,29,46,5,4.98
luis_baker_891,Luis,Baker,sacramento_ca,178,200,30,31,4,4.11
nia_carter_430,Nia,Carter,houston_tx,66,21,8,8,3,3.87
kenji_washington_963,Kenji,Washington,atlanta_ga,251,121,28,25,4,4.48
layla_martinez_620,Layla,Martinez,new_york_ny,85,53,17,11,5,2.83
isabella_nguyen_279,Isabella,Nguyen,denver_co,90,68,19,9,2,2.44
ling_nguyen_763,Ling,Nguyen,detroit_mi,98,95,19,11,5,3.4
fatima_williams_49,Fatima,Williams,columbus_oh,53,114,6,16,3,2.58
asha_tran_10,Asha,Tran,san_francisco_ca,42,112,9,24,4,3.42
jennifer_martinez_498,Jennifer,Martinez,atlanta_ga,10,31,2,12,1,4.91
dorothy_mohamed_906,Dorothy,Mohamed,cleveland_oh,143,76,21,29,10,2.08
dorothy_perez_739,Dorothy,Perez,phoenix_az,129,226,20,37,5,4.63
mary_garcia_929,Mary,Garcia,boston_ma,238,32,27,5,5,5
latoya_baker_933,Latoya,Baker,virginia_beach_va,18,234,3,24,1,4.12
camila_green_490,Camila,Green,riverside_ca,81,181,17,44,3,3.93
linda_williams_559,Linda,Williams,kansas_city_mo,67,255,13,29,2,2.12
patricia_young_519,Patricia,Young,san_jose_ca,180,7,22,1,3,3.27
matthew_scott_968,Matthew,Scott,denver_co,108,292,30,40,10,2.25
robert_thompson_733,Robert,Thompson,philadelphia_pa,97,122,17,19,6,3.05
mina_williams_449,Mina,Williams,tampa_fl,182,93,22,46,6,2.25
miguel_johnson_725,Miguel,Johnson,nashville_tn,6,92,1,42,2,4
emily_patel_11,Emily,Patel,st_louis_mo,243,310,30,45,4,3.81
mei_white_978,Mei,White,baltimore_md,32,381,6,48,6,3.74
robert_mitchell_894,Robert,Mitchell,austin_tx,137,8,25,1,2,2.16
john_harris_679,John,Harris,washington_dc,176,130,30,18,4,4.73
darnell_parker_965,Darnell,Parker,jacksonville_fl,30,136,7,16,1,4.38
sarah_king_69,Sarah,King,boston_ma,256,301,30,41,9,3.25
michael_ali_287,Michael,Ali,new_york_ny,50,224,5,27,5,3.2
christopher_white_33,Christopher,White,kansas_city_mo,144,98,25,30,10,3.81
asha_johnson_74,Asha,Johnson,dallas_tx,59,37,6,14,3,3.55
kwame_patel_443,Kwame,Patel,miami_fl,24,150,5,19,1,3.23
mei_hassan_397,Mei,Hassan,san_diego_ca,71,234,16,27,2,4.53
miguel_clark_518,Miguel,Clark,jacksonville_fl,19,59,2,28,4,2.32
ana_gonzalez_465,Ana,Gonzalez,san_jose_ca,29,299,3,36,2,2.19
ling_johnson_386,Ling,Johnson,grand_rapids_mi,138,65,20,15,6,3.84
anthony_thompson_281,Anthony,Thompson,cleveland_oh,164,255,17,35,1,2.62
john_gonzalez_275,John,Gonzalez,riverside_ca,16,245,5,31,1,4.38
juan_clark_387,Juan,Clark,salt_lake_city_ut,111,43,17,9,4,3.74
linda_nguyen_100,Linda,Nguyen,boston_ma,82,245,19,28,3,3.57
mei_baker_114,Mei,Baker,salt_lake_city_ut,46,139,7,24,2,4.27
ana_jones_792,Ana,Jones,las_vegas_nv,48,52,8,16,3,3.55
susan_torres_103,Susan,Torres,riverside_ca,51,18,15,4,1,2.72
aya_mitchell_864,Aya,Mitchell,raleigh_nc,114,146,25,24,3,4.97
michael_brown_441,Michael,Brown,washington_dc,50,210,12,41,2,4.33
amanda_ali_605,Amanda,Ali,new_york_ny,125,73,17,23,6,2.93
christopher_ali_604,Christopher,Ali,denver_co,7,231,2,25,3,3.61
yuki_lopez_817,Yuki,Lopez,detroit_mi,66,36,16,5,3,2.12
priya_tran_39,Priya,Tran,memphis_tn,199,216,29,47,8,2.61
ashley_williams_268,Ashley,Williams,columbus_oh,198,136,20,40,6,2.53
robert_adams_868,Robert,Adams,fresno_ca,201,316,29,49,15,2.65
minh_martinez_624,Minh,Martinez,boston_ma,113,30,22,6,5,4.47
robert_adams_170,Robert,Adams,richmond_va,54,19,7,5,1,4.17
yuki_scott_486,Yuki,Scott,san_diego_ca,92,215,10,28,6,3.56
sarah_white_153,Sarah,White,richmond_va,117,150,13,45,3,4.51
hassan_nelson_544,Hassan,Nelson,birmingham_al,74,288,8,41,3,3.11
sarah_brown_275,Sarah,Brown,indianapolis_in,23,297,6,40,6,4.85
maria_robinson_720,Maria,Robinson,dallas_tx,81,182,22,19,7,3.97
malik_ramirez_909,Malik,Ramirez,jacksonville_fl,216,8,25,1,2,2.58
aya_mohamed_255,Aya,Mohamed,kansas_city_mo,207,76,27,15,5,2.64
amanda_jackson_283,Amanda,Jackson,milwaukee_wi,73,160,17,22,3,2.96
michael_washington_13,Michael,Washington,san_francisco_ca,127,173,22,46,9,2.99
isabella_green_240,Isabella,Green,fresno_ca,142,212,24,34,4,4.29
barbara_young_102,Barbara,Young,denver_co,107,92,19,12,1,2
tyrone_walker_565,Tyrone,Walker,san_diego_ca,14,79,3,28,3,4.79
mina_patel_274,Mina,Patel,fresno_ca,208,98,26,29,11,4.3
jason_mitchell_515,Jason,Mitchell,san_antonio_tx,22,64,5,8,2,4.41
joseph_adams_314,Joseph,Adams,miami_fl,280,125,30,44,14,3.37
carlos_washington_236,Carlos,Washington,grand_rapids_mi,240,24,29,4,6,4.07
sarah_williams_749,Sarah,Williams,pittsburgh_pa,35,22,4,9,2,2.62
susan_williams_614,Susan,Williams,orlando_fl,99,183,12,37,7,2.07
isabella_campbell_138,Isabella,Campbell,nashville_tn,15,356,2,45,8,2.02
ana_thompson_930,Ana,Thompson,minneapolis_mn,67,104,14,19,2,2.64
malik_baker_977,Malik,Baker,minneapolis_mn,182,112,19,21,7,2.82
charles_adams_532,Charles,Adams,columbus_oh,21,197,4,42,4,3.67
wei_ramirez_753,Wei,Ramirez,fresno_ca,179,209,23,26,1,2.94
michael_hill_413,Michael,Hill,tampa_fl,106,153,11,27,2,2.89
jose_kim_59,Jose,Kim,san_jose_ca,89,146,10,30,7,4.07
takeshi_campbell_525,Takeshi,Campbell,baltimore_md,181,297,23,36,3,3.27
priya_torres_315,Priya,Torres,austin_tx,39,92,4,24,5,4.62
elizabeth_torres_378,Elizabeth,Torres,richmond_va,55,265,17,28,8,2.4
hana_garcia_716,Hana,Garcia,providence_ri,126,181,20,47,7,2.23
mina_walker_765,Mina,Walker,orlando_fl,49,230,10,48,3,4.95
ahmad_tran_449,Ahmad,Tran,fresno_ca,154,127,27,19,3,3.21
omar_carter_563,Omar,Carter,charlotte_nc,125,406,15,41,1,2.76
john_perez_208,John,Perez,miami_fl,155,116,19,26,9,3.96
imani_perez_514,Imani,Perez,las_vegas_nv,128,132,18,19,3,3.6
emily_adams_50,Emily,Adams,dallas_tx,75,87,22,33,11,3.88
christopher_garcia_902,Christopher,Garcia,baltimore_md,24,72,3,8,1,4.18
wei_washington_873,Wei,Washington,new_york_ny,7,151,2,16,2,3.73
aya_parker_144,Aya,Parker,charlotte_nc,154,135,17,41,11,4.58
mei_hall_297,Mei,Hall,austin_tx,44,167,7,21,1,3.03
zainab_rodriguez_735,Zainab,Rodriguez,jacksonville_fl,103,142,11,15,4,2.85
william_allen_730,William,Allen,boston_ma,35,81,11,19,1,3.71
tanya_washington_963,Tanya,Washington,houston_tx,43,5,6,1,1,3.47
sofia_mohamed_378,Sofia,Mohamed,san_diego_ca,224,97,30,45,9,3.25
camila_king_262,Camila,King,buffalo_ny,189,9,23,1,2,4.98
ahmad_hassan_336,Ahmad,Hassan,san_diego_ca,138,133,24,19,3,2.82
tanya_torres_686,Tanya,Torres,louisville_ky,36,126,6,16,1,3.26
daniel_martinez_543,Daniel,Martinez,houston_tx,31,297,5,43,7,3.18
joseph_garcia_322,Joseph,Garcia,cincinnati_oh,136,53,29,14,1,3.32
anthony_king_807,Anthony,King,birmingham_al,117,138,15,23,2,3.37
minh_harris_550,Minh,Harris,cleveland_oh,115,62,21,16,5,2.95
haruka_ramirez_741,Haruka,Ramirez,louisville_ky,100,147,17,44,3,4.97
carlos_johnson_244,Carlos,Johnson,nashville_tn,139,39,17,5,1,4.04
richard_jones_757,Richard,Jones,raleigh_nc,230,298,23,46,9,4.32
raj_nguyen_556,Raj,Nguyen,atlanta_ga,208,60,23,14,4,3.43
david_adams_299,David,Adams,houston_tx,156,210,27,23,4,3.95
maria_parker_40,Maria,Parker,san_francisco_ca,61,118,11,13,3,4.79
luis_adams_676,Luis,Adams,san_francisco_ca,40,265,4,39,7,3.01
wei_martinez_31,Wei,Martinez,orlando_fl,138,193,17,38,7,3.32
barbara_washington_781,Barbara,Washington,los_angeles_ca,41,67,5,8,1,4.04
priya_jones_387,Priya,Jones,minneapolis_mn,63,201,7,25,1,3.5
mei_kim_169,Mei,Kim,grand_rapids_mi,171,136,28,15,5,4.18
takeshi_martinez_732,Takeshi,Martinez,san_diego_ca,112,10,22,2,4,4.26
dorothy_gonzalez_445,Dorothy,Gonzalez,chicago_il,113,193,23,20,3,2.39
robert_mohamed_959,Robert,Mohamed,miami_fl,117,309,15,36,5,3.66
hana_smith_313,Hana,Smith,boston_ma,164,439,23,44,4,3.04
mina_mohamed_5,Mina,Mohamed,denver_co,262,294,30,47,12,2.66
mina_parker_455,Mina,Parker,minneapolis_mn,85,30,24,8,1,4.88
hana_mohamed_402,Hana,Mohamed,los_angeles_ca,252,194,29,32,3,2.13
fatima_torres_360,Fatima,Torres,atlanta_ga,53,132,7,26,3,3.27
latoya_ramirez_94,Latoya,Ramirez,pittsburgh_pa,139,147,16,41,5,4.91
asha_young_342,Asha,Young,providence_ri,23,192,3,42,7,2.76
juan_walker_921,Juan,Walker,detroit_mi,141,115,19,26,1,4.07
christopher_patel_899,Christopher,Patel,memphis_tn,72,72,8,24,5,4.44
jin_gonzalez_567,Jin,Gonzalez,salt_lake_city_ut,184,52,24,7,3,4.3
james_hassan_23,James,Hassan,baltimore_md,15,228,4,37,2,3.72
aisha_carter_743,Aisha,Carter,louisville_ky,20,148,6,20,1,4.45
joseph_mohamed_621,Joseph,Mohamed,tampa_fl,18,59,5,7,1,2.18
charles_harris_937,Charles,Harris,grand_rapids_mi,15,64,2,9,2,3.21
jamal_thompson_60,Jamal,Thompson,oklahoma_city_ok,22,128,3,48,4,3.62
layla_green_951,Layla,Green,orlando_fl,165,55,24,21,9,4.43
lakshmi_kim_813,Lakshmi,Kim,nashville_tn,90,46,21,5,1,4.94
maria_singh_19,Maria,Singh,denver_co,72,445,20,46,4,2.82
arjun_williams_748,Arjun,Williams,houston_tx,100,249,20,46,11,4.44
luis_khan_64,Luis,Khan,cincinnati_oh,131,122,22,18,8,2.3
keisha_evans_741,Keisha,Evans,los_angeles_ca,71,129,15,15,1,4.57
richard_young_226,Richard,Young,virginia_beach_va,134,96,18,39,1,2.01
minh_abdullah_51,Minh,Abdullah,richmond_va,188,216,29,26,11,3.79
mina_young_500,Mina,Young,milwaukee_wi,121,162,16,26,3,4.82
linda_martinez_176,Linda,Martinez,jacksonville_fl,105,144,25,16,6,2.58
emily_lewis_40,Emily,Lewis,dallas_tx,89,170,11,37,2,4.1
thomas_williams_349,Thomas,Williams,charlotte_nc,26,115,7,22,3,3.56
arjun_lopez_529,Arjun,Lopez,pittsburgh_pa,45,94,6,18,4,3.91
richard_gonzalez_400,Richard,Gonzalez,providence_ri,184,238,20,30,4,3.72
jason_harris_103,Jason,Harris,washington_dc,82,32,18,8,1,2.82
thomas_khan_478,Thomas,Khan,houston_tx,214,52,27,20,4,3.95
imani_williams_629,Imani,Williams,grand_rapids_mi,100,39,10,8,3,3.8
asha_singh_176,Asha,Singh,las_vegas_nv,28,16,4,4,1,4.03
jason_davis_983,Jason,Davis,minneapolis_mn,129,222,30,44,4,3.48
lakshmi_washington_549,Lakshmi,Washington,tampa_fl,125,21,29,7,6,4.41
james_baker_200,James,Baker,philadelphia_pa,157,437,22,46,2,2.84
elizabeth_williams_317,Elizabeth,Williams,san_francisco_ca,167,50,27,8,5,2.47
kenji_ramirez_445,Kenji,Ramirez,washington_dc,143,157,23,19,1,3.34
richard_martinez_610,Richard,Martinez,san_jose_ca,187,92,25,41,4,2.61
lakshmi_lewis_467,Lakshmi,Lewis,virginia_beach_va,105,309,18,47,7,2.14
patricia_johnson_699,Patricia,Johnson,miami_fl,105,65,18,17,5,2.75
ahmad_jones_201,Ahmad,Jones,miami_fl,75,29,8,3,2,4.09
joseph_davis_263,Joseph,Davis,san_antonio_tx,151,256,27,36,12,3.77
patricia_ali_975,Patricia,Ali,richmond_va,35,188,5,21,5,2.39
jessica_gonzalez_789,Jessica,Gonzalez,philadelphia_pa,124,283,13,36,3,3.34
aisha_rodriguez_500,Aisha,Rodriguez,memphis_tn,114,237,23,31,5,4.4
raj_scott_15,Raj,Scott,denver_co,106,141,11,48,7,3.91
amanda_ramirez_561,Amanda,Ramirez,nashville_tn,33,447,4,47,1,4.91
lucia_martinez_1000,Lucia,Martinez,raleigh_nc,89,390,27,47,12,3.9
amanda_mitchell_568,Amanda,Mitchell,pittsburgh_pa,82,86,24,29,6,3.99
amanda_hassan_256,Amanda,Hassan,sacramento_ca,77,457,8,47,1,3.49
mina_ramirez_797,Mina,Ramirez,orlando_fl,76,344,25,44,2,4.47
robert_kim_507,Robert,Kim,fresno_ca,106,93,20,19,6,2.8
nia_hernandez_900,Nia,Hernandez,san_francisco_ca,197,13,29,2,3,4.99
charles_hall_449,Charles,Hall,minneapolis_mn,101,52,23,21,7,4.19
ahmad_walker_939,Ahmad,Walker,sacramento_ca,89,118,10,48,6,4.58
priya_torres_439,Priya,Torres,philadelphia_pa,82,181,11,22,3,2.49
ahmad_jones_606,Ahmad,Jones,providence_ri,118,228,16,48,7,2.45
lakshmi_harris_331,Lakshmi,Harris,tampa_fl,240,213,25,24,2,3.96
daniel_hernandez_109,Daniel,Hernandez,milwaukee_wi,39,40,8,5,1,4.77
robert_gonzalez_766,Robert,Gonzalez,fresno_ca,97,443,10,49,7,2.95
minh_allen_562,Minh,Allen,new_york_ny,27,204,4,39,7,4.58
tyrone_king_668,Tyrone,King,fresno_ca,33,101,4,32,3,3.55
daniel_white_11,Daniel,White,austin_tx,138,234,22,30,1,4.25
susan_brown_518,Susan,Brown,san_diego_ca,171,115,26,17,6,2.21
jennifer_martinez_874,Jennifer,Martinez,tampa_fl,167,33,24,10,4,3.83
keisha_scott_367,Keisha,Scott,columbus_oh,113,13,22,5,5,3.2
jin_hernandez_779,Jin,Hernandez,oklahoma_city_ok,117,328,19,47,12,4.1
isabella_smith_461,Isabella,Smith,philadelphia_pa,180,375,25,44,3,3.93
lucia_jackson_291,Lucia,Jackson,richmond_va,175,221,22,24,7,4.97
tyrone_brown_585,Tyrone,Brown,st_louis_mo,98,374,11,47,9,4.73
juan_torres_637,Juan,Torres,st_louis_mo,68,146,10,31,3,2.27
christopher_smith_733,Christopher,Smith,dallas_tx,11,251,2,50,7,3.88
charles_green_526,Charles,Green,new_york_ny,207,182,30,19,1,4.54
james_ramirez_768,James,Ramirez,chicago_il,230,174,24,33,9,2.26
miguel_evans_962,Miguel,Evans,nashville_tn,26,203,5,23,5,3.87
layla_robinson_479,Layla,Robinson,indianapolis_in,19,34,4,5,1,3.99
asha_nguyen_94,Asha,Nguyen,san_diego_ca,206,348,30,45,2,2.17
hassan_carter_470,Hassan,Carter,louisville_ky,48,38,9,16,5,4.93
camila_hassan_961,Camila,Hassan,indianapolis_in,145,132,19,27,7,4.56
mina_ramirez_988,Mina,Ramirez,buffalo_ny,93,8,25,3,1,4.58
latoya_green_214,Latoya,Green,fresno_ca,83,17,9,6,3,3.37
charles_carter_149,Charles,Carter,providence_ri,101,76,22,20,1,2.98
jessica_kim_628,Jessica,Kim,fresno_ca,296,39,30,4,2,3.18
susan_harris_394,Susan,Harris,detroit_mi,111,93,14,13,4,4.97
darnell_hill_510,Darnell,Hill,kansas_city_mo,257,366,27,45,13,4.37
isabella_johnson_130,Isabella,Johnson,indianapolis_in,175,196,29,45,12,4.65
asha_ramirez_876,Asha,Ramirez,seattle_wa,286,141,29,36,8,2.58
joseph_green_589,Joseph,Green,atlanta_ga,62,68,10,8,2,3.82
tyrone_jackson_727,Tyrone,Jackson,richmond_va,82,421,17,48,4,3.94
luis_kim_312,Luis,Kim,denver_co,134,32,19,8,4,3.38
aya_gonzalez_721,Aya,Gonzalez,buffalo_ny,34,424,4,47,6,3.24
tyrone_thompson_561,Tyrone,Thompson,detroit_mi,193,5,28,2,6,3.59
sofia_hall_478,Sofia,Hall,san_francisco_ca,64,404,13,50,5,4.59
william_king_267,William,King,seattle_wa,47,60,11,27,4,4.48
maria_garcia_191,Maria,Garcia,atlanta_ga,124,57,16,15,6,2.86
jin_baker_48,Jin,Baker,kansas_city_mo,27,217,4,24,1,2.27
hiroshi_baker_32,Hiroshi,Baker,cleveland_oh,195,185,21,48,8,3.12
charles_gonzalez_840,Charles,Gonzalez,minneapolis_mn,181,368,20,39,8,2.17
latoya_nelson_186,Latoya,Nelson,st_louis_mo,95,18,16,3,1,4.75
mary_harris_16,Mary,Harris,columbus_oh,42,191,10,21,5,3.82
elizabeth_jones_536,Elizabeth,Jones,washington_dc,82,19,13,3,2,2.92
minh_rodriguez_451,Minh,Rodriguez,las_vegas_nv,208,32,22,11,2,3.35
tyrone_robinson_873,Tyrone,Robinson,austin_tx,129,328,20,34,10,2.31
daniel_lopez_224,Daniel,Lopez,phoenix_az,168,22,23,3,4,3.03
layla_williams_639,Layla,Williams,miami_fl,154,301,16,46,5,4.77
minh_kim_875,Minh,Kim,jacksonville_fl,232,265,24,35,4,4.28
richard_ramirez_315,Richard,Ramirez,miami_fl,122,57,21,7,5,2.56
charles_evans_796,Charles,Evans,san_francisco_ca,138,220,20,36,9,2.28
minh_evans_385,Minh,Evans,riverside_ca,126,104,23,29,2,2.34
amanda_washington_398,Amanda,Washington,denver_co,83,27,10,4,1,3.94
darnell_davis_941,Darnell,Davis,grand_rapids_mi,73,184,14,21,1,2.88
miguel_mitchell_547,Miguel,Mitchell,oklahoma_city_ok,62,87,10,14,3,2.31
mary_nguyen_434,Mary,Nguyen,louisville_ky,21,6,6,1,1,2.95
hiroshi_adams_884,Hiroshi,Adams,columbus_oh,208,189,27,26,4,4.24
hao_williams_157,Hao,Williams,richmond_va,135,162,20,46,12,3.99
jose_rodriguez_557,Jose,Rodriguez,st_louis_mo,57,107,7,42,1,4.38
christopher_hernandez_92,Christopher,Hernandez,washington_dc,47,182,13,19,6,2.34
fatima_ramirez_498,Fatima,Ramirez,memphis_tn,90,95,11,16,5,4.03
carlos_lewis_873,Carlos,Lewis,pittsburgh_pa,146,309,18,47,11,3.27
barbara_garcia_316,Barbara,Garcia,charlotte_nc,110,301,17,33,6,2.15
sanjay_davis_396,Sanjay,Davis,atlanta_ga,54,301,17,40,2,2.68
raj_martinez_495,Raj,Martinez,san_jose_ca,282,26,29,3,1,3.91
robert_evans_949,Robert,Evans,new_york_ny,28,163,4,29,5,4.18
emily_patel_631,Emily,Patel,nashville_tn,101,98,20,44,5,3.64
mina_nelson_492,Mina,Nelson,san_diego_ca,185,354,20,50,13,3.15
daniel_mohamed_785,Daniel,Mohamed,san_diego_ca,71,84,14,14,5,2.07
priya_ramirez_624,Priya,Ramirez,new_york_ny,134,15,15,4,2,2.61
maria_young_351,Maria,Young,salt_lake_city_ut,110,284,13,50,4,3.46
linda_carter_866,Linda,Carter,milwaukee_wi,76,243,17,44,8,2.73
thomas_ramirez_707,Thomas,Ramirez,miami_fl,226,35,24,4,2,3.89
hiroshi_baker_795,Hiroshi,Baker,dallas_tx,66,194,9,33,2,3.71
barbara_lopez_889,Barbara,Lopez,columbus_oh,107,286,12,32,6,4.5
richard_singh_544,Richard,Singh,atlanta_ga,101,383,11,44,2,4.04
james_mitchell_784,James,Mitchell,oklahoma_city_ok,119,154,22,21,1,3.29
amanda_ramirez_588,Amanda,Ramirez,san_jose_ca,16,196,5,24,1,3.63
ling_evans_478,Ling,Evans,san_jose_ca,120,191,23,30,4,4.46
takeshi_tran_259,Takeshi,Tran,orlando_fl,155,287,18,30,8,4.08
margaret_green_54,Margaret,Green,memphis_tn,54,373,15,50,9,2.5
charles_davis_74,Charles,Davis,st_louis_mo,46,39,5,8,2,3.32
jennifer_ali_41,Jennifer,Ali,buffalo_ny,97,191,20,25,7,4.44
mei_parker_700,Mei,Parker,san_francisco_ca,127,60,13,23,7,4.14
wei_jones_937,Wei,Jones,louisville_ky,117,368,14,50,8,4.97
jason_johnson_119,Jason,Johnson,memphis_tn,73,213,16,42,2,3.34
mina_carter_615,Mina,Carter,tampa_fl,236,427,26,43,8,3.49
zainab_gonzalez_408,Zainab,Gonzalez,seattle_wa,50,329,6,33,6,3.01
luis_perez_521,Luis,Perez,jacksonville_fl,121,113,27,46,11,3.4
luis_gonzalez_284,Luis,Gonzalez,birmingham_al,109,34,14,5,1,2.17
mina_tran_256,Mina,Tran,virginia_beach_va,180,124,19,14,1,2.24
darnell_mitchell_562,Darnell,Mitchell,louisville_ky,69,98,18,10,5,2.69
ahmad_garcia_535,Ahmad,Garcia,milwaukee_wi,6,276,1,34,4,2.88
jennifer_martinez_452,Jennifer,Martinez,jacksonville_fl,43,93,12,32,7,2.55
amanda_lewis_461,Amanda,Lewis,san_antonio_tx,31,112,4,34,4,2.61
hana_hall_914,Hana,Hall,atlanta_ga,149,112,16,28,4,4.05
ling_baker_297,Ling,Baker,fresno_ca,89,134,18,43,4,3.9
latoya_davis_307,Latoya,Davis,atlanta_ga,236,97,27,36,5,2.46
ahmad_campbell_232,Ahmad,Campbell,seattle_wa,140,178,21,30,7,3.84
maria_clark_358,Maria,Clark,milwaukee_wi,164,377,27,38,8,2.64
jennifer_torres_363,Jennifer,Torres,grand_rapids_mi,78,196,9,24,6,2.07
ling_robinson_117,Ling,Robinson,louisville_ky,127,90,13,24,7,2.7
hana_williams_35,Hana,Williams,cincinnati_oh,112,190,16,21,4,3.45
john_abdullah_203,John,Abdullah,san_jose_ca,202,40,21,7,4,4.09
maria_hill_669,Maria,Hill,los_angeles_ca,34,28,5,10,2,2.83
sarah_ramirez_313,Sarah,Ramirez,buffalo_ny,65,213,20,44,12,2.86
mohammed_ali_86,Mohammed,Ali,denver_co,169,331,18,38,5,3.85
daniel_lewis_35,Daniel,Lewis,philadelphia_pa,42,196,5,23,1,4.11
aya_hernandez_489,Aya,Hernandez,austin_tx,103,74,28,26,3,3.13
imani_allen_200,Imani,Allen,seattle_wa,146,59,20,9,5,4.6
aya_kim_578,Aya,Kim,st_louis_mo,69,67,13,14,2,2.25
miguel_clark_155,Miguel,Clark,st_louis_mo,261,112,28,29,3,2.5
james_jackson_628,James,Jackson,riverside_ca,138,237,17,34,9,4.45
mary_baker_779,Mary,Baker,jacksonville_fl,209,43,25,18,5,3.37
sarah_carter_702,Sarah,Carter,richmond_va,57,243,11,32,7,3
zainab_evans_989,Zainab,Evans,miami_fl,224,242,27,43,3,2.01
tyrone_thompson_891,Tyrone,Thompson,riverside_ca,16,313,5,40,1,2.92
david_nguyen_46,David,Nguyen,birmingham_al,36,147,9,39,8,3.33
aya_patel_567,Aya,Patel,portland_or,96,131,16,23,3,4.23
thomas_rodriguez_514,Thomas,Rodriguez,fresno_ca,68,136,10,39,2,2.08
lucia_clark_4,Lucia,Clark,cleveland_oh,46,38,11,14,4,4.54
mary_clark_338,Mary,Clark,raleigh_nc,130,55,18,24,2,2.57
asha_khan_413,Asha,Khan,grand_rapids_mi,176,145,24,44,6,4.91
james_patel_734,James,Patel,jacksonville_fl,97,88,10,11,4,2.98
carlos_garcia_865,Carlos,Garcia,miami_fl,29,161,3,35,5,3.55
carlos_patel_253,Carlos,Patel,seattle_wa,41,228,7,35,5,4.36
mary_jones_845,Mary,Jones,providence_ri,82,41,14,19,5,2.46
juan_lopez_440,Juan,Lopez,san_francisco_ca,31,30,4,4,1,3.05
miguel_king_193,Miguel,King,los_angeles_ca,188,248,23,48,11,2.98
priya_hassan_439,Priya,Hassan,grand_rapids_mi,127,120,29,37,12,2.2
amanda_gonzalez_142,Amanda,Gonzalez,seattle_wa,60,388,7,47,7,2.78
imani_thompson_24,Imani,Thompson,buffalo_ny,230,409,25,46,10,2.18
michael_torres_404,Michael,Torres,philadelphia_pa,37,36,11,9,1,3.56
minh_ali_53,Minh,Ali,kansas_city_mo,35,64,10,11,3,2.42
susan_garcia_121,Susan,Garcia,jacksonville_fl,93,300,14,40,3,2.99
keisha_torres_908,Keisha,Torres,orlando_fl,141,123,23,23,8,4.51
tanya_white_799,Tanya,White,tampa_fl,100,23,19,4,4,3.4
zainab_garcia_38,Zainab,Garcia,cincinnati_oh,7,262,1,33,5,4.57
camila_hill_390,Camila,Hill,los_angeles_ca,144,261,24,37,11,3.36
raj_washington_236,Raj,Washington,buffalo_ny,146,120,30,13,4,2.94
dorothy_ramirez_987,Dorothy,Ramirez,las_vegas_nv,231,295,28,31,1,3.15
raj_gonzalez_428,Raj,Gonzalez,san_antonio_tx,91,53,24,12,4,3.94
omar_jones_349,Omar,Jones,philadelphia_pa,86,308,13,35,8,4
darnell_king_828,Darnell,King,portland_or,219,191,23,32,5,2.07
jessica_evans_748,Jessica,Evans,pittsburgh_pa,66,26,11,3,2,3.35
sofia_campbell_790,Sofia,Campbell,seattle_wa,32,32,6,6,1,4.39
malik_campbell_688,Malik,Campbell,buffalo_ny,56,40,12,4,2,3.86
michael_nelson_34,Michael,Nelson,baltimore_md,28,109,6,14,3,3.1
anthony_lewis_479,Anthony,Lewis,salt_lake_city_ut,40,428,10,45,11,4.55
tyrone_nguyen_559,Tyrone,Nguyen,buffalo_ny,60,455,17,50,9,2.94
asha_scott_728,Asha,Scott,detroit_mi,185,86,29,13,7,2.99
susan_campbell_71,Susan,Campbell,san_francisco_ca,124,75,15,8,4,3.68
jason_nguyen_698,Jason,Nguyen,pittsburgh_pa,182,56,28,20,8,3.53
ashley_jones_464,Ashley,Jones,louisville_ky,70,265,14,33,2,3.94
thomas_rodriguez_404,Thomas,Rodriguez,washington_dc,232,69,29,12,1,3.74
michael_tran_599,Michael,Tran,pittsburgh_pa,210,127,25,20,5,2.48
elizabeth_lopez_67,Elizabeth,Lopez,san_antonio_tx,103,126,16,17,1,4.95
yuki_jackson_457,Yuki,Jackson,miami_fl,49,70,6,10,1,4.71
hassan_hernandez_342,Hassan,Hernandez,san_diego_ca,147,66,28,13,4,4.61
matthew_allen_797,Matthew,Allen,kansas_city_mo,104,7,17,1,3,2.5
elizabeth_singh_811,Elizabeth,Singh,las_vegas_nv,82,24,11,10,3,4.93
zainab_ali_566,Zainab,Ali,philadelphia_pa,158,247,19,30,8,3.57
jose_lewis_21,Jose,Lewis,detroit_mi,12,28,2,8,2,4.87
mary_baker_972,Mary,Baker,boston_ma,245,120,28,48,14,4.99
mei_hall_443,Mei,Hall,los_angeles_ca,62,40,10,6,3,3.81
hassan_walker_873,Hassan,Walker,san_antonio_tx,38,182,4,35,5,2.76
daniel_walker_680,Daniel,Walker,san_diego_ca,86,197,19,30,2,2.27
mary_parker_752,Mary,Parker,riverside_ca,9,156,1,20,4,2.78
kenji_parker_198,Kenji,Parker,buffalo_ny,190,236,30,47,9,2.61
amanda_lopez_372,Amanda,Lopez,riverside_ca,202,6,23,1,4,4.04
yuki_rodriguez_283,Yuki,Rodriguez,columbus_oh,114,42,15,5,2,2.03
yuki_adams_285,Yuki,Adams,portland_or,249,28,26,10,6,2.19
hassan_garcia_655,Hassan,Garcia,detroit_mi,208,189,26,45,6,2.08
richard_harris_829,Richard,Harris,phoenix_az,205,62,28,25,7,4.75
latoya_walker_552,Latoya,Walker,denver_co,68,17,21,4,2,3.97
daniel_clark_439,Daniel,Clark,chicago_il,83,380,12,42,5,2.86
haruka_torres_605,Haruka,Torres,tampa_fl,178,27,26,3,3,3.85
kwame_nelson_860,Kwame,Nelson,seattle_wa,95,338,12,44,3,4.24
hiroshi_baker_812,Hiroshi,Baker,cincinnati_oh,120,384,21,49,8,3.05
robert_kim_914,Robert,Kim,oklahoma_city_ok,11,27,2,3,1,3.48
jose_ramirez_335,Jose,Ramirez,tampa_fl,164,116,19,12,3,5
james_king_382,James,King,philadelphia_pa,141,83,23,14,2,2.4
lakshmi_johnson_141,Lakshmi,Johnson,milwaukee_wi,26,125,3,25,1,4.74
ashley_hernandez_333,Ashley,Hernandez,san_antonio_tx,67,214,8,28,6,2.73
matthew_rodriguez_166,Matthew,Rodriguez,baltimore_md,142,76,28,22,9,2.68
hassan_campbell_258,Hassan,Campbell,kansas_city_mo,94,217,16,49,8,2.19
jennifer_williams_107,Jennifer,Williams,chicago_il,42,102,5,28,4,3.97
john_walker_849,John,Walker,richmond_va,7,290,1,41,7,4.88
kwame_patel_238,Kwame,Patel,atlanta_ga,33,45,9,18,3,4.23
jose_smith_446,Jose,Smith,san_diego_ca,137,7,28,1,2,3.69
robert_khan_216,Robert,Khan,cincinnati_oh,65,88,13,22,5,4.75
raj_gonzalez_532,Raj,Gonzalez,nashville_tn,132,5,26,1,3,4.94
richard_young_275,Richard,Young,minneapolis_mn,155,8,21,1,1,3.13
ashley_smith_180,Ashley,Smith,raleigh_nc,17,29,4,11,3,2.48
maria_evans_20,Maria,Evans,raleigh_nc,168,53,28,11,5,4.93
hassan_lewis_806,Hassan,Lewis,miami_fl,124,102,24,32,9,2.5
wei_rodriguez_279,Wei,Rodriguez,san_diego_ca,5,101,1,11,1,3.74
yuki_lewis_798,Yuki,Lewis,boston_ma,116,313,14,44,10,2.75
patricia_carter_732,Patricia,Carter,riverside_ca,151,256,16,35,8,4.06
jessica_hall_530,Jessica,Hall,phoenix_az,265,180,28,49,6,2.57
hao_davis_899,Hao,Davis,seattle_wa,94,135,12,15,2,3.64
hassan_washington_575,Hassan,Washington,birmingham_al,133,93,19,31,8,3.4
matthew_campbell_115,Matthew,Campbell,riverside_ca,25,374,3,42,8,2.91
sarah_ramirez_872,Sarah,Ramirez,louisville_ky,77,72,9,22,6,3.95
matthew_garcia_514,Matthew,Garcia,houston_tx,26,471,3,50,1,3.57
mei_ali_590,Mei,Ali,cincinnati_oh,46,67,6,16,3,4.26
latoya_patel_345,Latoya,Patel,philadelphia_pa,226,28,23,6,2,2.29
miguel_green_994,Miguel,Green,fresno_ca,240,46,28,20,1,2.76
amanda_young_904,Amanda,Young,riverside_ca,91,139,21,50,9,3.45
haruka_johnson_957,Haruka,Johnson,phoenix_az,24,25,3,3,1,4.48
dorothy_smith_529,Dorothy,Smith,atlanta_ga,158,229,25,23,5,3.34
mina_johnson_715,Mina,Johnson,cincinnati_oh,8,65,1,27,5,4.16
jose_singh_764,Jose,Singh,dallas_tx,7,166,2,20,3,4.31
tanya_hill_978,Tanya,Hill,baltimore_md,94,157,13,43,7,3.34
omar_king_586,Omar,King,oklahoma_city_ok,91,20,10,5,2,2
joseph_tran_727,Joseph,Tran,pittsburgh_pa,33,295,4,48,8,2.85
barbara_thompson_204,Barbara,Thompson,miami_fl,72,144,11,26,2,2.08
arjun_garcia_648,Arjun,Garcia,virginia_beach_va,68,229,11,29,7,3.36
barbara_nelson_205,Barbara,Nelson,washington_dc,49,80,10,11,4,3.08
jamal_hernandez_651,Jamal,Hernandez,st_louis_mo,124,24,18,7,3,3.7
sofia_smith_808,Sofia,Smith,phoenix_az,130,66,20,19,4,2.07
matthew_ramirez_718,Matthew,Ramirez,phoenix_az,61,77,13,30,5,3.12
jin_scott_696,Jin,Scott,san_francisco_ca,55,72,8,12,3,3.39
emily_green_216,Emily,Green,virginia_beach_va,48,48,9,19,1,2.23
carlos_abdullah_801,Carlos,Abdullah,salt_lake_city_ut,145,145,28,42,3,2.97
richard_nelson_991,Richard,Nelson,buffalo_ny,4,277,1,39,5,2.97
priya_singh_642,Priya,Singh,atlanta_ga,105,90,14,9,3,3.66
patricia_hall_86,Patricia,Hall,cincinnati_oh,64,221,20,33,6,4.26
jin_king_345,Jin,King,new_york_ny,105,73,17,15,6,2.25
malik_kim_810,Malik,Kim,kansas_city_mo,101,85,17,27,1,2.61
susan_kim_381,Susan,Kim,boston_ma,61,138,8,41,2,2.58
priya_baker_429,Priya,Baker,indianapolis_in,212,141,27,25,1,4.44
amanda_hall_30,Amanda,Hall,sacramento_ca,157,10,21,2,4,3.01
layla_baker_776,Layla,Baker,minneapolis_mn,126,209,19,24,4,2.49
jennifer_garcia_535,Jennifer,Garcia,los_angeles_ca,150,333,18,37,8,2.49
james_garcia_144,James,Garcia,minneapolis_mn,70,44,8,13,4,3.96
david_thompson_168,David,Thompson,fresno_ca,78,206,9,26,5,2.33
james_ramirez_563,James,Ramirez,charlotte_nc,197,159,27,48,7,2.46
raj_washington_984,Raj,Washington,houston_tx,41,50,10,6,2,3.74
kwame_jackson_770,Kwame,Jackson,detroit_mi,105,334,14,40,9,4.01
margaret_hall_584,Margaret,Hall,tampa_fl,110,136,19,24,2,4.67
jamal_johnson_333,Jamal,Johnson,san_jose_ca,118,10,14,3,2,3.63
arjun_garcia_918,Arjun,Garcia,chicago_il,54,317,11,34,5,4.41
emily_kim_494,Emily,Kim,san_jose_ca,185,65,20,12,6,3.86
lakshmi_williams_238,Lakshmi,Williams,jacksonville_fl,211,443,23,47,10,3.47
david_singh_656,David,Singh,washington_dc,142,45,22,15,4,4.77
michael_williams_841,Michael,Williams,denver_co,212,105,25,30,1,4.63
mina_walker_353,Mina,Walker,las_vegas_nv,183,370,27,48,6,4.29
sofia_thompson_123,Sofia,Thompson,chicago_il,10,134,1,20,3,3.72
carlos_young_28,Carlos,Young,riverside_ca,99,101,30,44,7,4.27
minh_harris_725,Minh,Harris,tampa_fl,89,77,17,34,8,3.09
elizabeth_hill_669,Elizabeth,Hill,houston_tx,76,29,17,6,2,4.5
mei_gonzalez_602,Mei,Gonzalez,providence_ri,222,161,27,48,7,2.74
haruka_smith_56,Haruka,Smith,san_francisco_ca,18,242,2,49,4,4.95
aisha_washington_804,Aisha,Washington,san_antonio_tx,76,341,15,38,7,3.46
ali_hall_3,Ali,Hall,cleveland_oh,10,309,1,33,2,2.04
luis_martinez_543,Luis,Martinez,grand_rapids_mi,32,247,10,26,2,2.82
miguel_williams_122,Miguel,Williams,orlando_fl,259,113,27,25,10,3.33
matthew_evans_855,Matthew,Evans,san_diego_ca,38,399,11,46,3,2.82
tanya_mitchell_416,Tanya,Mitchell,chicago_il,114,106,15,27,3,2.51
aya_jackson_340,Aya,Jackson,kansas_city_mo,78,37,26,4,4,3.2
ling_harris_879,Ling,Harris,minneapolis_mn,203,163,25,24,5,4.57
haruka_ali_211,Haruka,Ali,san_diego_ca,146,171,24,46,4,3.17
omar_adams_646,Omar,Adams,denver_co,55,147,7,28,6,4.71
hassan_mohamed_220,Hassan,Mohamed,denver_co,111,314,16,41,11,2.62
lucia_nelson_231,Lucia,Nelson,dallas_tx,200,10,23,2,4,2.5
thomas_nelson_153,Thomas,Nelson,houston_tx,137,98,17,34,8,4.78
kenji_abdullah_855,Kenji,Abdullah,phoenix_az,96,79,12,19,2,3.81
luis_mitchell_992,Luis,Mitchell,detroit_mi,137,139,15,43,5,4.18
zainab_young_562,Zainab,Young,riverside_ca,40,116,8,19,3,2.33
patricia_jackson_780,Patricia,Jackson,birmingham_al,30,157,6,16,1,2.28
anthony_parker_1000,Anthony,Parker,riverside_ca,93,24,10,10,3,2.45
ana_ramirez_788,Ana,Ramirez,austin_tx,69,141,10,31,3,3.96
robert_jones_846,Robert,Jones,boston_ma,83,201,13,35,8,3.23
anthony_ramirez_923,Anthony,Ramirez,virginia_beach_va,147,42,19,9,2,3
susan_scott_489,Susan,Scott,houston_tx,291,96,30,26,11,4.49
asha_smith_149,Asha,Smith,raleigh_nc,4,17,1,2,,
sofia_nelson_918,Sofia,Nelson,fresno_ca,138,65,18,18,6,2.62
keisha_hill_204,Keisha,Hill,indianapolis_in,78,77,8,21,2,4.68
kenji_allen_724,Kenji,Allen,atlanta_ga,63,114,7,26,5,4.91
juan_baker_280,Juan,Baker,minneapolis_mn,19,216,3,28,6,2.43
hassan_harris_645,Hassan,Harris,fresno_ca,120,69,16,8,4,4.62
lucia_patel_846,Lucia,Patel,baltimore_md,103,256,20,27,7,2.4
zainab_king_345,Zainab,King,sacramento_ca,43,215,6,27,1,2.52
hassan_perez_155,Hassan,Perez,san_francisco_ca,25,25,3,3,1,2.65
layla_lewis_939,Layla,Lewis,dallas_tx,127,61,21,10,2,2.37
jin_torres_437,Jin,Torres,indianapolis_in,46,23,9,5,1,4.57
mary_campbell_436,Mary,Campbell,chicago_il,19,156,6,40,8,3.07
lakshmi_davis_685,Lakshmi,Davis,st_louis_mo,148,98,16,14,2,2.61
zainab_harris_560,Zainab,Harris,san_antonio_tx,50,111,6,32,5,3.17
keisha_walker_447,Keisha,Walker,denver_co,125,400,19,48,4,4.06
jin_campbell_783,Jin,Campbell,philadelphia_pa,169,102,25,45,10,4.15
nia_nelson_101,Nia,Nelson,salt_lake_city_ut,21,87,4,20,3,3.96
lucia_king_442,Lucia,King,louisville_ky,22,29,7,11,2,4.71
juan_allen_925,Juan,Allen,riverside_ca,277,85,30,9,1,2.61
jessica_parker_256,Jessica,Parker,portland_or,114,88,13,22,2,2.11
sofia_singh_250,Sofia,Singh,indianapolis_in,31,367,8,37,5,2.36
malik_ramirez_834,Malik,Ramirez,sacramento_ca,41,109,10,21,5,3.34
keisha_mitchell_474,Keisha,Mitchell,detroit_mi,29,78,7,28,6,2.78
aya_gonzalez_760,Aya,Gonzalez,buffalo_ny,76,138,9,19,4,4.14
susan_walker_571,Susan,Walker,grand_rapids_mi,156,30,25,11,3,2.65
thomas_ramirez_900,Thomas,Ramirez,new_york_ny,19,14,2,2,,
ebony_lopez_297,Ebony,Lopez,los_angeles_ca,10,273,2,32,3,4.31
lucia_williams_800,Lucia,Williams,cincinnati_oh,90,59,18,6,3,3.05
amanda_nguyen_78,Amanda,Nguyen,grand_rapids_mi,98,209,28,24,1,3.76
kwame_adams_532,Kwame,Adams,detroit_mi,76,87,8,34,4,4.11
yuki_white_832,Yuki,White,riverside_ca,188,100,20,15,7,2.94
zainab_washington_579,Zainab,Washington,memphis_tn,67,34,7,14,2,4.47
nia_baker_810,Nia,Baker,oklahoma_city_ok,100,68,19,17,6,3.6
imani_hill_63,Imani,Hill,houston_tx,138,107,22,16,1,3.5
david_nelson_259,David,Nelson,orlando_fl,116,37,21,12,6,4.62
lakshmi_young_759,Lakshmi,Young,baltimore_md,124,236,17,46,11,2.52
hiroshi_adams_861,Hiroshi,Adams,detroit_mi,144,101,21,21,1,3.65
keisha_smith_228,Keisha,Smith,los_angeles_ca,152,106,28,28,2,4.49
anthony_jones_939,Anthony,Jones,riverside_ca,95,406,27,44,7,4.63
yuki_scott_414,Yuki,Scott,riverside_ca,176,27,29,13,1,2.89
latoya_singh_272,Latoya,Singh,charlotte_nc,31,306,8,37,4,4.58
tanya_smith_209,Tanya,Smith,las_vegas_nv,68,83,12,39,5,3.74
mary_campbell_694,Mary,Campbell,richmond_va,188,123,19,21,7,3.35
haruka_ali_501,Haruka,Ali,milwaukee_wi,125,48,28,15,7,3
emily_hernandez_789,Emily,Hernandez,indianapolis_in,100,75,28,37,10,2.67
latoya_evans_846,Latoya,Evans,charlotte_nc,73,274,13,33,8,2.65
dorothy_hall_642,Dorothy,Hall,salt_lake_city_ut,33,177,5,33,4,3.84
sanjay_scott_142,Sanjay,Scott,oklahoma_city_ok,60,333,9,35,5,2.16
omar_adams_729,Omar,Adams,indianapolis_in,27,186,3,39,5,4.65
margaret_parker_125,Margaret,Parker,louisville_ky,7,431,2,46,9,2.45
aisha_nelson_239,Aisha,Nelson,austin_tx,68,396,7,48,6,2.17
michael_hill_333,Michael,Hill,new_york_ny,140,194,21,33,6,4.46
barbara_baker_968,Barbara,Baker,san_jose_ca,74,88,11,10,4,3.76
juan_allen_873,Juan,Allen,seattle_wa,92,3,17,1,2,4.59
camila_hill_63,Camila,Hill,atlanta_ga,243,46,28,5,1,4.09
emily_williams_273,Emily,Williams,oklahoma_city_ok,35,219,9,24,2,2.63
hiroshi_parker_387,Hiroshi,Parker,fresno_ca,10,461,1,48,1,2.32
keisha_campbell_177,Keisha,Campbell,oklahoma_city_ok,126,49,28,11,3,2
david_abdullah_814,David,Abdullah,seattle_wa,32,215,4,23,4,4.41
barbara_harris_351,Barbara,Harris,raleigh_nc,44,65,5,12,1,3.83
malik_evans_912,Malik,Evans,las_vegas_nv,85,219,16,43,7,4.22
zainab_lewis_426,Zainab,Lewis,cincinnati_oh,71,272,10,31,6,2.91
hassan_garcia_18,Hassan,Garcia,virginia_beach_va,57,21,16,3,2,4.34
haruka_ramirez_3,Haruka,Ramirez,oklahoma_city_ok,125,19,24,3,3,3.91
elizabeth_torres_706,Elizabeth,Torres,indianapolis_in,62,47,10,6,2,3.76
arjun_kim_44,Arjun,Kim,austin_tx,20,66,3,22,2,3.23
jose_mitchell_887,Jose,Mitchell,philadelphia_pa,141,217,15,35,6,2.35
ana_green_25,Ana,Green,cleveland_oh,92,422,11,43,2,4.87
luis_mohamed_915,Luis,Mohamed,st_louis_mo,7,387,2,47,4,3.84
ana_evans_877,Ana,Evans,dallas_tx,17,16,5,5,2,3.59
mina_kim_869,Mina,Kim,nashville_tn,18,216,4,46,3,2.23
imani_white_686,Imani,White,boston_ma,211,217,23,28,6,4.8
john_kim_848,John,Kim,boston_ma,137,18,20,2,4,3.19
elizabeth_gonzalez_985,Elizabeth,Gonzalez,baltimore_md,191,190,30,26,5,3.4
zainab_jackson_457,Zainab,Jackson,philadelphia_pa,47,190,7,30,1,4.94
ebony_mohamed_932,Ebony,Mohamed,tampa_fl,173,295,30,42,6,3.32
ana_lopez_386,Ana,Lopez,louisville_ky,106,33,17,15,1,3.49
carlos_torres_25,Carlos,Torres,birmingham_al,167,271,17,37,2,4.14
linda_jackson_955,Linda,Jackson,birmingham_al,137,232,23,34,7,4.28
arjun_campbell_251,Arjun,Campbell,boston_ma,25,17,6,5,1,3.4
mohammed_lopez_966,Mohammed,Lopez,columbus_oh,129,12,26,2,3,2.69
charles_martinez_728,Charles,Martinez,columbus_oh,55,191,6,20,3,2.43
yuki_smith_21,Yuki,Smith,philadelphia_pa,49,36,5,9,2,3.93
ashley_adams_313,Ashley,Adams,sacramento_ca,219,182,23,41,12,2.78
matthew_white_444,Matthew,White,san_diego_ca,273,32,29,5,4,2.93
william_tran_41,William,Tran,orlando_fl,295,96,30,10,5,3.34
hana_king_969,Hana,King,san_antonio_tx,162,54,25,9,1,3.05
miguel_martinez_356,Miguel,Martinez,riverside_ca,48,118,12,24,2,3.45
juan_adams_759,Juan,Adams,pittsburgh_pa,128,12,18,5,2,3.84
layla_washington_322,Layla,Washington,san_diego_ca,205,151,22,17,6,3.3
fatima_torres_23,Fatima,Torres,riverside_ca,51,389,15,39,7,2.65
asha_perez_333,Asha,Perez,philadelphia_pa,99,198,17,30,7,2.54
robert_brown_358,Robert,Brown,grand_rapids_mi,106,43,12,9,4,4.13
darnell_young_634,Darnell,Young,washington_dc,24,236,4,45,4,3.22
lucia_scott_918,Lucia,Scott,san_antonio_tx,191,20,21,5,3,2.29
thomas_young_314,Thomas,Young,san_francisco_ca,133,39,16,15,4,3.27
ebony_perez_993,Ebony,Perez,kansas_city_mo,102,81,25,28,2,3.48
luis_davis_562,Luis,Davis,louisville_ky,121,120,21,36,10,2.09
thomas_perez_541,Thomas,Perez,memphis_tn,9,170,2,18,3,3.75
dorothy_brown_233,Dorothy,Brown,atlanta_ga,34,27,10,3,2,2.38
mohammed_campbell_633,Mohammed,Campbell,salt_lake_city_ut,135,92,14,14,1,3.19
michael_green_191,Michael,Green,riverside_ca,141,88,16,12,3,3.5
fatima_evans_540,Fatima,Evans,kansas_city_mo,195,282,28,40,10,3.25
kwame_ramirez_69,Kwame,Ramirez,san_jose_ca,138,265,21,42,6,4.99
keisha_campbell_924,Keisha,Campbell,richmond_va,160,38,17,8,3,2.53
william_scott_831,William,Scott,kansas_city_mo,22,231,5,33,2,3.05
dorothy_khan_218,Dorothy,Khan,baltimore_md,154,154,25,44,4,3.48
juan_nguyen_772,Juan,Nguyen,oklahoma_city_ok,37,401,9,47,2,3.13
daniel_ali_824,Daniel,Ali,portland_or,11,130,2,36,5,2.75
mei_parker_844,Mei,Parker,louisville_ky,153,55,21,21,8,4.99
patricia_green_308,Patricia,Green,providence_ri,9,173,1,29,5,4.72
christopher_rodriguez_762,Christopher,Rodriguez,boston_ma,28,77,9,12,2,3.88
minh_brown_823,Minh,Brown,fresno_ca,117,122,18,19,4,4.57
miguel_ramirez_448,Miguel,Ramirez,fresno_ca,45,247,6,30,3,4.65
jin_hall_684,Jin,Hall,miami_fl,193,278,21,43,9,4.74
lucia_lopez_617,Lucia,Lopez,dallas_tx,157,115,25,32,1,4.32
patricia_jackson_374,Patricia,Jackson,san_jose_ca,217,32,23,10,3,2.36
william_clark_692,William,Clark,milwaukee_wi,150,130,24,16,1,2.58
daniel_carter_403,Daniel,Carter,providence_ri,110,99,20,12,6,3.66
layla_lewis_677,Layla,Lewis,dallas_tx,46,6,10,2,1,2.92
asha_jones_31,Asha,Jones,st_louis_mo,113,27,29,9,5,2.65
keisha_hassan_884,Keisha,Hassan,cincinnati_oh,5,137,1,34,4,2.57
william_ramirez_985,William,Ramirez,pittsburgh_pa,6,193,1,30,1,4.51
